FILE_TYPE = CONNECTIVITY;
{Allegro Design Entry HDL 16.6-S059 (v16-6-112EZ) 10/6/2015}
"PAGE_NUMBER" = 9;
0"NC";
1"GROUND\g";
2"GROUND\g";
3"GROUND\g";
4"GROUND\g";
5"GROUND\g";
6"GROUND\g";
7"GROUND\g";
8"GROUND\g";
9"GROUND\g";
10"GROUND\g";
11"GROUND\g";
12"GROUND\g";
13"GROUND\g";
14"GROUND\g";
15"GROUND\g";
16"GROUND\g";
17"GROUND\g";
18"GROUND\g";
19"GROUND\g";
20"RST_N";
21"UART_TX";
22"ACC_EN";
23"USB_VBUS";
24"1V8";
25"USB_A9B9";
26"SRST_N";
27"GROUND\g";
28"UN$9$MAX8881$I61$SHDN";
29"ACC_EN";
30"GROUND\g";
31"UN$9$RESSMD$I133$1";
32"UN$9$741G97$I154$A";
33"UN$9$741G97$I154$C";
34"GROUND\g";
35"UN$9$741G97$I155$C";
36"ACC_EN";
37"GROUND\g";
38"DBG_EN";
39"GROUND\g";
40"TX1TX2+";
41"RX1RX2+";
42"GROUND\g";
43"UN$9$741G97$I156$Y";
44"EN_ACC_P2.7";
45"1V8";
46"GROUND\g";
47"GROUND\g";
48"GROUND\g";
49"GROUND\g";
50"GROUND\g";
51"GROUND\g";
52"GROUND\g";
53"GROUND\g";
54"GROUND\g";
55"DBG_EN";
56"USB_SBU12";
57"VBAT|3V3";
58"UART_RX";
59"TMS/SWDIO";
60"RX1RX2+";
61"1V8";
62"MPC_P4.3";
63"TX1TX2-";
64"USB_DM";
65"USB_SBU12";
66"USB_A9B9";
67"UN$9$INDUCT$I168$1";
68"1V8";
69"TX1TX2+";
70"TX1TX2+";
71"TX1TX2-";
72"USB_VBUS";
73"USB_B5";
74"USB_DP";
75"MON_AIN0";
76"VSYS";
77"1V8";
78"1V2";
79"UN$9$EVP-AAXXXX$I83$3";
80"RX1RX2+";
81"USB_SBU12";
82"UN$9$INDUCT$I168$2";
83"USB_A5";
84"USB_B5";
85"USB_A9B9";
86"TCK/SWCLK";
87"1V8";
88"1V8";
89"1V8";
90"USB_A5";
91"RX1RX2-";
92"1V8";
93"USB_VBUS";
94"3V3";
95"VBAT";
96"UN$9$MAX4995$I115$SETI";
97"HVOUT";
98"VSYS";
99"UN$9$CAPNP$I44$2";
100"UN$9$INDUCT$I28$1";
101"SCL_P6.0";
102"SDA_P5.7";
103"UN$9$CAPNP$I81$1";
104"UN$9$CAPNP$I81$2";
105"1V8";
106"1V8";
107"UN$9$CAPNP$I137$1";
108"UN$9$CAPNP$I140$1";
109"1V8";
110"VBAT";
111"3V3";
112"KOUT_P2.1";
113"TX1TX2-";
114"TX1TX2+";
115"RX1RX2+";
116"USB_DM";
117"RX1RX2-";
118"USB_DP";
119"RX1RX2-";
120"USB_A9B9";
121"USB_VBUS";
122"TX1TX2-";
123"USB_A5";
124"USB_SBU12";
125"RX1RX2-";
126"USB_B5";
127"USB_VBUS";
128"GROUND\g";
129"GROUND\g";
%"MAX14720"
"1","(6550,3525)","0","mml","I1";
;
CDS_SEC"1"
CDS_LOCATION"U11"
VALUE"MAX14720AEWA+"
LOCATION"U11"
CDS_LMAN_SYM_OUTLINE"-300,1250,300,-1250"
CDS_LIB"mml"
TOLERANCE"N/A"
VOLTAGE_RATING"+1.8V TO 5.5V"
MAXINV"10-MAX14720AEWA-W"
JEDEC_TYPE"BGA25C40P5X5_222X210X69"
PACK_TYPE"WLP25"
SEC_TYPE"WLP25"
SEC"1";
"VCC"
$PN"B4"57;
"SWOUT"
$PN"C5"76;
"SWIN"
$PN"B5"57;
"SDA"
$PN"C1"102;
"SCL"
$PN"D1"101;
"RST#"
$PN"D4"20;
"MPC"
$PN"C4"62;
"MON"
$PN"B1"75;
"LOUT"
$PN"A5"77;
"LIN"
$PN"A4"98;
"KOUT#"
$PN"E5"112;
"KIN#"
$PN"D3"79;
"HVOUT"
$PN"E1"97;
"HVOLX"
$PN"E2"82;
"HVIN"
$PN"E4"98;
"HVILX"
$PN"E3"67;
"GND_2"
$PN"B3"37;
"GND_1"
$PN"B2"37;
"GND_5"
$PN"D2"37;
"GND_4"
$PN"C3"37;
"GND_3"
$PN"C2"37;
"CAP"
$PN"D5"99;
"BOUT"
$PN"A3"78;
"BLX"
$PN"A2"100;
"BIN"
$PN"A1"98;
%"PGROUND"
"1","(1775,-600)","0","standard","I100";
;
HDL_POWER"GROUND"
BODY_TYPE"PLUMBING"
CDS_LIB"standard"
NAME"GROUND";
"G"46;
%"PGROUND"
"1","(925,-600)","2","standard","I101";
;
HDL_POWER"GROUND"
BODY_TYPE"PLUMBING"
NAME"GROUND"
CDS_LIB"standard";
"G"47;
%"RES_SMD"
"2","(675,575)","0","mml","I102";
;
CDS_LOCATION"R14"
VALUE"5.1K"
LOCATION"R14"
VLOG_PARAM01"RES:INTEGER"
CDS_LMAN_SYM_OUTLINE"-75,25,75,-25"
CDS_LIB"mml"
RES"5.10E03"
POWER_RATING"0.0625W"
MAXINV"80-005K1-18"
PACK_TYPE"0402RES"
JEDEC_TYPE"0402"
$SEC"1"
CDS_SEC"1";
"1"
$PN"1"48;
"2"
$PN"2"123;
%"PGROUND"
"1","(575,475)","2","standard","I103";
;
HDL_POWER"GROUND"
BODY_TYPE"PLUMBING"
NAME"GROUND"
CDS_LIB"standard";
"G"48;
%"RES_SMD"
"2","(2025,350)","0","mml","I104";
;
CDS_LOCATION"R32"
VALUE"5.1K"
LOCATION"R32"
VLOG_PARAM01"RES:INTEGER"
JEDEC_TYPE"0402"
PACK_TYPE"0402RES"
MAXINV"80-005K1-18"
POWER_RATING"0.0625W"
RES"5.10E03"
CDS_LIB"mml"
CDS_LMAN_SYM_OUTLINE"-75,25,75,-25"
$SEC"1"
CDS_SEC"1";
"1"
$PN"1"73;
"2"
$PN"2"1;
%"PGROUND"
"1","(2250,300)","1","standard","I105";
;
HDL_POWER"GROUND"
BODY_TYPE"PLUMBING"
CDS_LIB"standard"
NAME"GROUND";
"G"1;
%"MAX9064"
"2","(5250,975)","0","mml","I113";
;
CDS_LOCATION"U22"
VALUE"MAX9064EBS+G45"
LOCATION"U22"
JEDEC_TYPE"UCSP4C50P2X2_100X100X67"
PACK_TYPE"UCSP4"
MAXINV"10-MAX9064EBSG45-B"
VOLTAGE_RATING"-0.3V TO +5.5V"
TOLERANCE"N/A"
CDS_LIB"mml"
CDS_LMAN_SYM_OUTLINE"-200,200,200,-200"
$SEC"1"
CDS_SEC"1";
"OUT"
$PN"A1"32;
"IN"
$PN"A2"90;
"GND1"
$PN"B2"4;
"VCC"
$PN"B1"109;
%"MAX4995"
"1","(1100,3775)","0","mml","I115";
;
CDS_SEC"1"
CDS_LOCATION"U24"
VALUE"MAX4995AAVB+"
LOCATION"U24"
PACK_TYPE"UTQFN10"
SEC_TYPE"UTQFN10"
JEDEC_TYPE"QFN40P180X140X55-10M"
MAXINV"10-MAX4995AAVB-T"
VOLTAGE_RATING"+1.7V TO +5.5V"
CDS_LIB"mml"
CDS_LMAN_SYM_OUTLINE"-200,300,200,-300"
SEC"1";
"OUT_2"
$PN"8"56;
"SETI"
$PN"5"96;
"OUT_1"
$PN"7"56;
"ON"
$PN"3"29;
"NC_2"
$PN"9"0;
"NC_1"
$PN"6"0;
"IN_2"
$PN"10"24;
"IN_1"
$PN"1"24;
"/FLAG"
$PN"2"0;
"GND"
$PN"4"30;
%"PGROUND"
"1","(3925,2975)","2","standard","I116";
;
HDL_POWER"GROUND"
BODY_TYPE"PLUMBING"
CDS_LIB"standard"
NAME"GROUND";
"G"2;
%"PGROUND"
"1","(1250,3275)","2","standard","I117";
;
HDL_POWER"GROUND"
BODY_TYPE"PLUMBING"
CDS_LIB"standard"
NAME"GROUND";
"G"30;
%"PGROUND"
"1","(5325,-275)","2","standard","I118";
;
HDL_POWER"GROUND"
BODY_TYPE"PLUMBING"
NAME"GROUND"
CDS_LIB"standard";
"G"3;
%"PGROUND"
"1","(5300,625)","2","standard","I119";
;
HDL_POWER"GROUND"
BODY_TYPE"PLUMBING"
NAME"GROUND"
CDS_LIB"standard";
"G"4;
%"PGROUND"
"1","(7500,250)","2","standard","I120";
;
HDL_POWER"GROUND"
BODY_TYPE"PLUMBING"
CDS_LIB"standard"
NAME"GROUND";
"G"5;
%"PGROUND"
"1","(6125,550)","2","standard","I121";
;
HDL_POWER"GROUND"
BODY_TYPE"PLUMBING"
CDS_LIB"standard"
NAME"GROUND";
"G"42;
%"MAX4741"
"1","(3875,3450)","0","mml","I122";
;
CDS_LOCATION"U18"
VALUE"MAX4741ELA+"
LOCATION"U18"
JEDEC_TYPE"SON50P200X200X80-8M"
PACK_TYPE"ALLPINS_UDFN8"
MAXINV"10-MAX4741ELA-L"
SPLIT_INST"FALSE"
VOLTAGE_RATING"+1.6V TO +3.6V"
TOLERANCE"N/A"
CDS_LIB"mml"
CDS_LMAN_SYM_OUTLINE"-200,325,200,-325"
$SEC"1"
CDS_SEC"1";
"COM2"
$PN"6"63;
"NO2"
$PN"5"59;
"NO1"
$PN"1"86;
"COM1"
$PN"2"69;
"V+"
$PN"8"108;
"IN2"
$PN"3"55;
"GND"
$PN"4"2;
"IN1"
$PN"7"55;
%"PGROUND"
"1","(6750,425)","2","standard","I124";
;
HDL_POWER"GROUND"
BODY_TYPE"PLUMBING"
NAME"GROUND"
CDS_LIB"standard";
"G"34;
%"RES_SMD"
"2","(1600,3650)","0","mml","I125";
;
VALUE"576K"
$LOCATION"R42"
VLOG_PARAM01"RES:INTEGER"
CDS_LIB"mml"
RES"5.76E05"
POWER_RATING"0.063W"
MAXINV"80-0576K-23"
PACK_TYPE"0402RES"
JEDEC_TYPE"0402"
CDS_LMAN_SYM_OUTLINE"-75,25,75,-25"
CDS_LOCATION"R42"
$SEC"1"
CDS_SEC"1";
"1"
$PN"1"96;
"2"
$PN"2"30;
%"PGROUND"
"1","(3925,4075)","2","standard","I127";
;
HDL_POWER"GROUND"
BODY_TYPE"PLUMBING"
CDS_LIB"standard"
NAME"GROUND";
"G"6;
%"RES_SMD"
"2","(3625,3925)","0","mml","I128";
;
$LOCATION"R39"
VALUE"1K"
VLOG_PARAM01"RES:INTEGER"
CDS_LMAN_SYM_OUTLINE"-75,25,75,-25"
CDS_LIB"mml"
TOLERANCE"1%"
RES"1.00E03"
POWER_RATING"0.0625W"
MAXINV"80-0001K-23"
PACK_TYPE"0402RES"
JEDEC_TYPE"0402"
CDS_LOCATION"R39"
$SEC"1"
CDS_SEC"1";
"1"
$PN"1"92;
"2"
$PN"2"108;
%"RES_SMD"
"2","(3625,5000)","0","mml","I129";
;
VALUE"1K"
$LOCATION"R41"
VLOG_PARAM01"RES:INTEGER"
JEDEC_TYPE"0402"
PACK_TYPE"0402RES"
MAXINV"80-0001K-23"
POWER_RATING"0.0625W"
RES"1.00E03"
TOLERANCE"1%"
CDS_LIB"mml"
CDS_LMAN_SYM_OUTLINE"-75,25,75,-25"
CDS_LOCATION"R41"
$SEC"1"
CDS_SEC"1";
"1"
$PN"1"106;
"2"
$PN"2"107;
%"MAX4741"
"1","(3875,4550)","0","mml","I130";
;
CDS_LOCATION"U23"
LOCATION"U23"
VALUE"MAX4741ELA+"
JEDEC_TYPE"SON50P200X200X80-8M"
PACK_TYPE"ALLPINS_UDFN8"
MAXINV"10-MAX4741ELA-L"
SPLIT_INST"FALSE"
VOLTAGE_RATING"+1.6V TO +3.6V"
TOLERANCE"N/A"
CDS_LIB"mml"
CDS_LMAN_SYM_OUTLINE"-200,325,200,-325"
$SEC"1"
CDS_SEC"1";
"COM2"
$PN"6"91;
"NO2"
$PN"5"21;
"NO1"
$PN"1"58;
"COM1"
$PN"2"80;
"V+"
$PN"8"107;
"IN2"
$PN"3"22;
"GND"
$PN"4"6;
"IN1"
$PN"7"22;
%"TRAN_DCH_8P"
"6","(-850,3875)","0","mml","I131";
;
CDS_SEC"1"
CDS_LOCATION"Q5"
VALUE"FDME1034CZT"
LOCATION"Q5"
VARIANT"DNI"
SEC_TYPE"MICROFET"
PACK_TYPE"MICROFET"
VERILOG_MODEL"FDME1034CZT"
VOLTAGE_RATING"N-CH:+20V AND P-CH:-20V"
TOLERANCE"N/A"
CDS_LIB"mml"
MAXINV"90-FDME1034CZT-02"
JEDEC_TYPE"FAIRCHILD_MICROFET_UMLP"
CDS_LMAN_SYM_OUTLINE"-250,250,250,-250"
SEC"1";
"D2-2"
$PN"8"31;
"D2-1"
$PN"3"31;
"D1-2"
$PN"7"26;
"D1-1"
$PN"6"26;
"G2"
$PN"5"25;
"S2"
$PN"4"23;
"S1"
$PN"1"49;
"G1"
$PN"2"31;
%"RES_SMD"
"4","(-1325,3725)","0","mml","I133";
;
CDS_LOCATION"R37"
VALUE"10K"
VARIANT"DNI"
LOCATION"R37"
VLOG_PARAM01"RES:INTEGER"
CDS_LMAN_SYM_OUTLINE"-25,75,25,-75"
CDS_LIB"mml"
TOLERANCE"1%"
RES"1.00E04"
POWER_RATING"0.0625W"
MAXINV"80-0010K-23"
PACK_TYPE"0402RES"
JEDEC_TYPE"0402"
$SEC"1"
CDS_SEC"1";
"1"
$PN"1"31;
"2"
$PN"2"7;
%"PGROUND"
"1","(-1500,3875)","0","standard","I134";
;
HDL_POWER"GROUND"
BODY_TYPE"PLUMBING"
NAME"GROUND"
CDS_LIB"standard";
"G"49;
%"PGROUND"
"1","(-1375,3500)","0","standard","I135";
;
HDL_POWER"GROUND"
BODY_TYPE"PLUMBING"
CDS_LIB"standard"
NAME"GROUND";
"G"7;
%"RES_SMD"
"4","(-275,3650)","0","mml","I136";
;
VALUE"10K"
$LOCATION"R40"
VARIANT"DNI"
VLOG_PARAM01"RES:INTEGER"
CDS_LMAN_SYM_OUTLINE"-25,75,25,-75"
CDS_LIB"mml"
TOLERANCE"1%"
RES"1.00E04"
POWER_RATING"0.0625W"
MAXINV"80-0010K-23"
PACK_TYPE"0402RES"
JEDEC_TYPE"0402"
CDS_LOCATION"R40"
$SEC"1"
CDS_SEC"1";
"1"
$PN"1"25;
"2"
$PN"2"23;
%"CAP_NP"
"1","(4000,5000)","0","mml","I137";
;
CDS_LOCATION"C56"
VALUE"0.1UF"
LOCATION"C56"
VLOG_PARAM01"CAP:INTEGER"
JEDEC_TYPE"0402"
PACK_TYPE"0402CAP"
MAXINV"20-000U1-04A"
VOLTAGE_RATING"50V"
CAP"1.00E-07"
CDS_LIB"mml"
CDS_LMAN_SYM_OUTLINE"-50,50,50,-50"
$SEC"1"
CDS_SEC"1";
"2"
$PN"2"50;
"1"
$PN"1"107;
%"PGROUND"
"1","(4225,4925)","2","standard","I138";
;
HDL_POWER"GROUND"
BODY_TYPE"PLUMBING"
CDS_LIB"standard"
NAME"GROUND";
"G"50;
%"PGROUND"
"1","(4225,3850)","2","standard","I139";
;
HDL_POWER"GROUND"
BODY_TYPE"PLUMBING"
NAME"GROUND"
CDS_LIB"standard";
"G"51;
%"CAP_NP"
"1","(4000,3925)","0","mml","I140";
;
CDS_LOCATION"C54"
LOCATION"C54"
VALUE"0.1UF"
VLOG_PARAM01"CAP:INTEGER"
CDS_LMAN_SYM_OUTLINE"-50,50,50,-50"
CDS_LIB"mml"
CAP"1.00E-07"
VOLTAGE_RATING"50V"
MAXINV"20-000U1-04A"
PACK_TYPE"0402CAP"
JEDEC_TYPE"0402"
$SEC"1"
CDS_SEC"1";
"2"
$PN"2"51;
"1"
$PN"1"108;
%"PGROUND"
"1","(7375,3450)","2","standard","I143";
;
HDL_POWER"GROUND"
BODY_TYPE"PLUMBING"
CDS_LIB"standard"
NAME"GROUND";
"G"8;
%"CAP_POL"
"1","(7100,3500)","0","mml","I144";
;
CDS_LOCATION"C33"
VALUE"100UF"
LOCATION"C33"
VLOG_PARAM01"CAP:INTEGER"
JEDEC_TYPE"CAPMP2414X120M"
PACK_TYPE"2414CAP"
MAXINV"20-0100U-BA41"
VOLTAGE_RATING"6.3V"
CAP"1.00E-04"
TOLERANCE"20%"
CDS_LIB"mml"
CDS_LMAN_SYM_OUTLINE"-75,25,75,-25"
$SEC"1"
CDS_SEC"1";
"A"
$PN"1"76;
"B"
$PN"2"8;
%"CAP_NP"
"2","(5900,4575)","0","mml","I145";
;
CDS_LOCATION"C38"
VALUE"4.7UF"
LOCATION"C38"
VLOG_PARAM01"CAP:INTEGER"
PACK_TYPE"0402CAP"
JEDEC_TYPE"0402"
MAXINV"20-004U7-Z52"
VOLTAGE_RATING"10V"
CAP"4.70E-06"
CDS_LIB"mml"
CDS_LMAN_SYM_OUTLINE"-50,50,50,-50"
$SEC"1"
CDS_SEC"1";
"2"
$PN"2"98;
"1"
$PN"1"129;
%"PGROUND"
"1","(5850,4475)","0","standard","I146";
;
BODY_TYPE"PLUMBING"
NAME"GROUND"
CDS_LIB"standard"
HDL_POWER"GROUND";
"G"129;
%"CAP_NP"
"2","(5900,4325)","0","mml","I147";
;
CDS_LOCATION"C42"
VALUE"4.7UF"
LOCATION"C42"
VLOG_PARAM01"CAP:INTEGER"
CDS_LMAN_SYM_OUTLINE"-50,50,50,-50"
CDS_LIB"mml"
CAP"4.70E-06"
VOLTAGE_RATING"10V"
MAXINV"20-004U7-Z52"
JEDEC_TYPE"0402"
PACK_TYPE"0402CAP"
$SEC"1"
CDS_SEC"1";
"2"
$PN"2"98;
"1"
$PN"1"128;
%"PGROUND"
"1","(5850,4225)","0","standard","I148";
;
BODY_TYPE"PLUMBING"
CDS_LIB"standard"
NAME"GROUND"
HDL_POWER"GROUND";
"G"128;
%"EVKIT_TP"
"1","(2300,650)","0","evkit_noncompliant","I149";
;
$LOCATION"TP24"
VARIANT"DNI"
JEDEC_TYPE"TP_C06096H03556"
PACK_TYPE"EVKIT_TP"
VALUE"CS_HOLE14_CIR"
MAXINV"N/A"
VOLTAGE_RATING"N/A"
TOLERANCE"N/A"
CDS_LIB"evkit_noncompliant"
CDS_LMAN_SYM_OUTLINE"-125,25,-75,-25"
CDS_LOCATION"TP24"
$SEC"1"
CDS_SEC"1";
"TP1"
$PN"1"66;
%"MAX9064"
"2","(5275,75)","0","mml","I150";
;
CDS_LOCATION"U25"
LOCATION"U25"
VALUE"MAX9064EBS+G45"
JEDEC_TYPE"UCSP4C50P2X2_100X100X67"
PACK_TYPE"UCSP4"
MAXINV"10-MAX9064EBSG45-B"
VOLTAGE_RATING"-0.3V TO +5.5V"
TOLERANCE"N/A"
CDS_LIB"mml"
CDS_LMAN_SYM_OUTLINE"-200,200,200,-200"
$SEC"1"
CDS_SEC"1";
"OUT"
$PN"A1"33;
"IN"
$PN"A2"126;
"GND1"
$PN"B2"3;
"VCC"
$PN"B1"89;
%"BATTERY_HOLDER"
"2","(-725,5750)","0","mml","I151";
;
VALUE"103"
$LOCATION"B1"
JEDEC_TYPE"KEYSTONE_103"
PACK_TYPE"TH1"
MAXINV"58-103-00"
VOLTAGE_RATING"N/A"
TOLERANCE"N/A"
CDS_LIB"mml"
PACK_SHORT"(2,3)"
CDS_LMAN_SYM_OUTLINE"-100,100,100,-100"
CDS_LOCATION"B1"
$SEC"1"
CDS_SEC"1";
"1"
$PN"1"18;
"2"
$PN"2"95;
%"741G97"
"1","(6075,900)","0","mml","I154";
;
CDS_LOCATION"U26"
LOCATION"U26"
VALUE"74AUP1G97GF"
JEDEC_TYPE"PSON35P100X100X50-6M"
PACK_TYPE"XSON6"
MAXINV"10-74AUP1G97GF-B"
VOLTAGE_RATING"+0.8V TO +3.6V"
TOLERANCE"N/A"
CDS_LIB"mml"
CDS_LMAN_SYM_OUTLINE"-125,150,125,-150"
$SEC"1"
CDS_SEC"1";
"C"
$PN"6"33;
"VCC"
$PN"5"88;
"Y"
$PN"4"38;
"A"
$PN"3"32;
"GND"
$PN"2"42;
"B"
$PN"1"42;
%"741G97"
"1","(7450,550)","0","mml","I155";
;
CDS_LOCATION"U20"
LOCATION"U20"
VALUE"74AUP1G97GF"
JEDEC_TYPE"PSON35P100X100X50-6M"
PACK_TYPE"XSON6"
MAXINV"10-74AUP1G97GF-B"
VOLTAGE_RATING"+0.8V TO +3.6V"
TOLERANCE"N/A"
CDS_LIB"mml"
CDS_LMAN_SYM_OUTLINE"-125,150,125,-150"
$SEC"1"
CDS_SEC"1";
"C"
$PN"6"35;
"VCC"
$PN"5"87;
"Y"
$PN"4"36;
"A"
$PN"3"68;
"GND"
$PN"2"5;
"B"
$PN"1"38;
%"741G97"
"1","(6075,150)","0","mml","I156";
;
CDS_LOCATION"U21"
LOCATION"U21"
VALUE"74AUP1G97GF"
JEDEC_TYPE"PSON35P100X100X50-6M"
PACK_TYPE"XSON6"
MAXINV"10-74AUP1G97GF-B"
VOLTAGE_RATING"+0.8V TO +3.6V"
TOLERANCE"N/A"
CDS_LIB"mml"
CDS_LMAN_SYM_OUTLINE"-125,150,125,-150"
$SEC"1"
CDS_SEC"1";
"C"
$PN"6"33;
"VCC"
$PN"5"45;
"Y"
$PN"4"43;
"A"
$PN"3"45;
"GND"
$PN"2"9;
"B"
$PN"1"32;
%"741G97"
"1","(6875,150)","0","mml","I157";
;
CDS_LOCATION"U16"
VALUE"74AUP1G97GF"
LOCATION"U16"
JEDEC_TYPE"PSON35P100X100X50-6M"
PACK_TYPE"XSON6"
MAXINV"10-74AUP1G97GF-B"
VOLTAGE_RATING"+0.8V TO +3.6V"
TOLERANCE"N/A"
CDS_LIB"mml"
CDS_LMAN_SYM_OUTLINE"-125,150,125,-150"
$SEC"1"
CDS_SEC"1";
"C"
$PN"6"43;
"VCC"
$PN"5"61;
"Y"
$PN"4"35;
"A"
$PN"3"34;
"GND"
$PN"2"10;
"B"
$PN"1"44;
%"PGROUND"
"1","(6125,-125)","2","standard","I158";
;
HDL_POWER"GROUND"
BODY_TYPE"PLUMBING"
NAME"GROUND"
CDS_LIB"standard";
"G"9;
%"PGROUND"
"1","(6925,-150)","2","standard","I159";
;
HDL_POWER"GROUND"
BODY_TYPE"PLUMBING"
NAME"GROUND"
CDS_LIB"standard";
"G"10;
%"MAX3205"
"2","(3350,-750)","0","mml","I160";
;
CDS_LOCATION"U19"
LOCATION"U19"
VALUE"MAX3205EAWL+T"
CDS_LMAN_SYM_OUTLINE"-300,200,300,-200"
CDS_LIB"mml"
TOLERANCE"N/A"
VOLTAGE_RATING"+0.9V TO +5.5V"
MAXINV"10-MAX3205EAWL-W"
PACK_TYPE"WLP9"
JEDEC_TYPE"BGA9C50P3X3_153X153X69M"
$SEC"1"
CDS_SEC"1";
"I/O_6"
$PN"A2"0;
"I/O_5"
$PN"A3"0;
"I/O_4"
$PN"B3"84;
"I/O_3"
$PN"C2"83;
"GND"
$PN"A1"12;
"VCC"
$PN"C3"127;
"I/O_1"
$PN"B1"85;
"NC1"
$PN"B2"0;
"I/O_2"
$PN"C1"0;
%"MAX3205"
"2","(3400,725)","0","mml","I161";
;
CDS_LOCATION"U15"
LOCATION"U15"
VALUE"MAX3205EAWL+T"
CDS_LMAN_SYM_OUTLINE"-300,200,300,-200"
CDS_LIB"mml"
TOLERANCE"N/A"
VOLTAGE_RATING"+0.9V TO +5.5V"
MAXINV"10-MAX3205EAWL-W"
PACK_TYPE"WLP9"
JEDEC_TYPE"BGA9C50P3X3_153X153X69M"
$SEC"1"
CDS_SEC"1";
"I/O_6"
$PN"A2"0;
"I/O_5"
$PN"A3"119;
"I/O_4"
$PN"B3"41;
"I/O_3"
$PN"C2"0;
"GND"
$PN"A1"11;
"VCC"
$PN"C3"81;
"I/O_1"
$PN"B1"40;
"NC1"
$PN"B2"0;
"I/O_2"
$PN"C1"113;
%"PGROUND"
"1","(3275,275)","0","standard","I162";
;
HDL_POWER"GROUND"
BODY_TYPE"PLUMBING"
NAME"GROUND"
CDS_LIB"standard";
"G"11;
%"PGROUND"
"1","(3225,-1200)","0","standard","I163";
;
HDL_POWER"GROUND"
BODY_TYPE"PLUMBING"
NAME"GROUND"
CDS_LIB"standard";
"G"12;
%"CAP_NP"
"1","(3525,1175)","0","mml","I164";
;
CDS_LOCATION"C50"
LOCATION"C50"
VALUE"0.1UF"
VLOG_PARAM01"CAP:INTEGER"
VOLTAGE_RATING"10V"
CAP"1.00E-07"
CDS_LIB"mml"
JEDEC_TYPE"0402"
MAXINV"20-000U1-33"
PACK_TYPE"0402CAP"
CDS_LMAN_SYM_OUTLINE"-50,50,50,-50"
$SEC"1"
CDS_SEC"1";
"2"
$PN"2"39;
"1"
$PN"1"81;
%"PGROUND"
"1","(3600,1025)","0","standard","I165";
;
HDL_POWER"GROUND"
BODY_TYPE"PLUMBING"
NAME"GROUND"
CDS_LIB"standard";
"G"39;
%"CAP_NP"
"2","(3450,-350)","0","mml","I166";
;
VALUE"0.1UF"
$LOCATION"C62"
VLOG_PARAM01"CAP:INTEGER"
JEDEC_TYPE"0402"
PACK_TYPE"0402CAP"
MAXINV"20-000U1-04A"
VOLTAGE_RATING"50V"
CAP"1.00E-07"
CDS_LIB"mml"
CDS_LMAN_SYM_OUTLINE"-50,50,50,-50"
CDS_LOCATION"C62"
$SEC"1"
CDS_SEC"1";
"2"
$PN"2"127;
"1"
$PN"1"13;
%"PGROUND"
"1","(3400,-475)","0","standard","I167";
;
HDL_POWER"GROUND"
BODY_TYPE"PLUMBING"
NAME"GROUND"
CDS_LIB"standard";
"G"13;
%"INDUCT"
"1","(5850,3400)","0","mml","I168";
;
CDS_LOCATION"L1"
VALUE"4.7UH"
LOCATION"L1"
JEDEC_TYPE"INDC2016X120M"
PACK_TYPE"2016"
MAXINV"50-004U7-OFA"
TOLERANCE"20%"
CDS_LIB"mml"
CDS_LMAN_SYM_OUTLINE"-100,25,100,0"
$SEC"1"
CDS_SEC"1";
"2"
$PN"2"
Clock"FALSE"
FLOAT"ERROR"82;
"1"
$PN"1"
Clock"FALSE"
FLOAT"ERROR"67;
%"CAP_NP"
"1","(6425,5000)","0","mml","I2";
;
CDS_LOCATION"C40"
VALUE"0.1UF"
LOCATION"C40"
VLOG_PARAM01"CAP:INTEGER"
JEDEC_TYPE"0402"
PACK_TYPE"0402CAP"
MAXINV"20-000U1-04A"
VOLTAGE_RATING"50V"
CAP"1.00E-07"
CDS_LIB"mml"
CDS_LMAN_SYM_OUTLINE"-50,50,50,-50"
$SEC"1"
CDS_SEC"1";
"2"
$PN"2"57;
"1"
$PN"1"52;
%"PGROUND"
"1","(6650,1950)","0","standard","I24";
;
HDL_POWER"GROUND"
BODY_TYPE"PLUMBING"
CDS_LIB"standard"
NAME"GROUND";
"G"37;
%"CAP_NP"
"2","(7200,4575)","0","mml","I25";
;
CDS_LOCATION"C37"
LOCATION"C37"
VALUE"22UF"
VLOG_PARAM01"CAP:INTEGER"
CDS_LMAN_SYM_OUTLINE"-50,50,50,-50"
CDS_LIB"mml"
CAP"2.20E-05"
VOLTAGE_RATING"6.3V"
MAXINV"20-0022U-X3"
PACK_TYPE"0603CAP"
JEDEC_TYPE"0603"
$SEC"1"
CDS_SEC"1";
"2"
$PN"2"97;
"1"
$PN"1"14;
%"PGROUND"
"1","(7250,4450)","2","standard","I26";
;
HDL_POWER"GROUND"
BODY_TYPE"PLUMBING"
NAME"GROUND"
CDS_LIB"standard";
"G"14;
%"INDUCT"
"1","(7450,4400)","0","mml","I28";
;
CDS_SEC"1"
CDS_LOCATION"L2"
VALUE"2.2UH"
LOCATION"L2"
JEDEC_TYPE"IND_2016"
MAXINV"50-002U2-0AD"
CDS_LIB"mml"
CDS_LMAN_SYM_OUTLINE"-100,25,100,0"
PACK_TYPE"0806"
SEC_TYPE"0806"
SEC"1";
"2"
FLOAT"ERROR"
Clock"FALSE"
$PN"2"78;
"1"
FLOAT"ERROR"
Clock"FALSE"
$PN"1"100;
%"CAP_NP"
"1","(7200,4050)","1","mml","I29";
;
CDS_LOCATION"C5"
VALUE"22UF"
LOCATION"C5"
VLOG_PARAM01"CAP:INTEGER"
JEDEC_TYPE"0603"
PACK_TYPE"0603CAP"
MAXINV"20-0022U-X3"
VOLTAGE_RATING"6.3V"
CAP"2.20E-05"
CDS_LIB"mml"
CDS_LMAN_SYM_OUTLINE"-50,50,50,-50"
$SEC"1"
CDS_SEC"1";
"2"
$PN"2"78;
"1"
$PN"1"15;
%"PGROUND"
"1","(6275,4900)","0","standard","I3";
;
HDL_POWER"GROUND"
BODY_TYPE"PLUMBING"
NAME"GROUND"
CDS_LIB"standard";
"G"52;
%"PGROUND"
"1","(7250,3925)","2","standard","I31";
;
HDL_POWER"GROUND"
BODY_TYPE"PLUMBING"
CDS_LIB"standard"
NAME"GROUND";
"G"15;
%"CAP_NP"
"2","(7175,3800)","0","mml","I33";
;
CDS_LOCATION"C41"
LOCATION"C41"
VALUE"4.7UF"
VLOG_PARAM01"CAP:INTEGER"
CDS_LMAN_SYM_OUTLINE"-50,50,50,-50"
CDS_LIB"mml"
CAP"4.70E-06"
VOLTAGE_RATING"10V"
MAXINV"20-004U7-Z52"
PACK_TYPE"0402CAP"
JEDEC_TYPE"0402"
$SEC"1"
CDS_SEC"1";
"2"
$PN"2"77;
"1"
$PN"1"16;
%"PGROUND"
"1","(7225,3675)","2","standard","I34";
;
HDL_POWER"GROUND"
BODY_TYPE"PLUMBING"
CDS_LIB"standard"
NAME"GROUND";
"G"16;
%"CAP_NP"
"2","(7150,2500)","0","mml","I44";
;
CDS_LOCATION"C39"
VALUE"0.1UF"
LOCATION"C39"
CDS_LMAN_SYM_OUTLINE"-50,50,50,-50"
CDS_LIB"mml"
CAP"1.00E-07"
VOLTAGE_RATING"50V"
MAXINV"20-000U1-04A"
PACK_TYPE"0402CAP"
JEDEC_TYPE"0402"
VLOG_PARAM01"CAP:INTEGER"
$SEC"1"
CDS_SEC"1";
"2"
$PN"2"99;
"1"
$PN"1"17;
%"PGROUND"
"1","(7100,2350)","0","standard","I46";
;
HDL_POWER"GROUND"
BODY_TYPE"PLUMBING"
CDS_LIB"standard"
NAME"GROUND";
"G"17;
%"FDFME2P823ZT"
"1","(3650,5500)","0","mml","I58";
;
CDS_SEC"1"
CDS_LOCATION"Q4"
VALUE"FDFME2P823ZT"
LOCATION"Q4"
JEDEC_TYPE"TRAN_FDFME2P823ZT"
MAXINV"90-FDFME2P823ZT-02"
SPLIT_INST"FALSE"
VERILOG_MODEL"FDFME2P823ZT"
VOLTAGE_RATING"-20V"
CDS_LIB"mml"
CDS_LMAN_SYM_OUTLINE"-150,250,150,-250"
PACK_TYPE"ALLPINS_SMD"
SEC_TYPE"ALLPINS_SMD"
SEC"1";
"D_2"
$PN"8"110;
"K_2"
$PN"7"57;
"K_1"
$PN"6"57;
"D_1"
$PN"3"110;
"NC"
$PN"2"0;
"A"
$PN"1"111;
"G"
$PN"5"111;
"S"
$PN"4"57;
%"MAX8881"
"1","(-575,5000)","0","mml","I61";
;
$LOCATION"U4"
VALUE"MAX8881EUT33"
CDS_LMAN_SYM_OUTLINE"-125,150,125,-150"
CDS_LIB"mml"
VOLTAGE_RATING"3.3V"
MAXINV"10-MAX8881EUT33-U"
PACK_TYPE"SOT23-6"
JEDEC_TYPE"SOT95P280X145-6M"
CDS_LOCATION"U4"
$SEC"1"
CDS_SEC"1";
"FB"
$PN"4"94;
"POK"
$PN"6"0;
"OUT"
$PN"3"94;
"IN"
$PN"1"93;
"GND"
$PN"2"27;
"SHDN*"
$PN"5"28;
%"PGROUND"
"1","(-750,4525)","0","standard","I62";
;
HDL_POWER"GROUND"
BODY_TYPE"PLUMBING"
NAME"GROUND"
CDS_LIB"standard";
"G"27;
%"CAP_NP"
"1","(-925,4675)","0","mml","I64";
;
CDS_LOCATION"C21"
VALUE"1.0UF"
LOCATION"C21"
VLOG_PARAM01"CAP:INTEGER"
JEDEC_TYPE"0603"
PACK_TYPE"0603CAP"
MAXINV"20-0001U-Z6"
VOLTAGE_RATING"35V"
CAP"1.00E-06"
CDS_LIB"mml"
CDS_LMAN_SYM_OUTLINE"-50,50,50,-50"
$SEC"1"
CDS_SEC"1";
"2"
$PN"2"27;
"1"
$PN"1"93;
%"RES_SMD"
"2","(-950,4925)","0","mml","I67";
;
CDS_LOCATION"R13"
VALUE"100K"
LOCATION"R13"
VLOG_PARAM01"RES:INTEGER"
POWER_RATING"0.10W"
RES"1.00E05"
CDS_LIB"mml"
MAXINV"80-0100K-Q6"
PACK_TYPE"0402RES"
JEDEC_TYPE"0402"
CDS_LMAN_SYM_OUTLINE"-75,25,75,-25"
$SEC"1"
CDS_SEC"1";
"1"
$PN"1"93;
"2"
$PN"2"28;
%"CAP_NP"
"2","(4700,3075)","0","mml","I81";
;
CDS_LOCATION"C36"
VALUE"4700PF"
LOCATION"C36"
VLOG_PARAM01"CAP:INTEGER"
JEDEC_TYPE"0402"
PACK_TYPE"0402CAP"
MAXINV"20-4700P-12"
VOLTAGE_RATING"25V"
CAP"4.70E-09"
CDS_LIB"mml"
CDS_LMAN_SYM_OUTLINE"-50,50,50,-50"
$SEC"1"
CDS_SEC"1";
"2"
$PN"2"104;
"1"
$PN"1"103;
%"PGROUND"
"1","(5200,2800)","0","standard","I82";
;
HDL_POWER"GROUND"
BODY_TYPE"PLUMBING"
NAME"GROUND"
CDS_LIB"standard";
"G"53;
%"EVP-AAXXXX"
"1","(5025,3075)","2","mml","I83";
;
CDS_SEC"1"
CDS_LOCATION"SW1"
LOCATION"SW1"
VALUE"EVP-AA202K"
CDS_LMAN_SYM_OUTLINE"-125,100,125,-100"
CDS_LIB"mml"
VOLTAGE_RATING"+2V TO +15V"
MAXINV"11-EVPAA202K-00"
JEDEC_TYPE"SW_EVP-AA202X"
SEC_TYPE"SMT"
PACK_TYPE"SMT"
SEC"1";
"4"
$PN"4"104;
"2"
$PN"2"103;
"3"
$PN"3"79;
"1"
$PN"1"53;
%"RES_SMD"
"2","(5675,2900)","0","mml","I86";
;
CDS_LOCATION"R24"
VALUE"10K"
LOCATION"R24"
VLOG_PARAM01"RES:INTEGER"
JEDEC_TYPE"0402"
PACK_TYPE"0402RES"
MAXINV"80-0010K-23"
POWER_RATING"0.0625W"
RES"1.00E04"
CDS_LIB"mml"
CDS_LMAN_SYM_OUTLINE"-75,25,75,-25"
$SEC"1"
CDS_SEC"1";
"1"
$PN"1"105;
"2"
$PN"2"112;
%"RES_SMD"
"2","(-175,4900)","1","mml","I87";
;
CDS_LOCATION"R36"
VALUE"100K"
LOCATION"R36"
VLOG_PARAM01"RES:INTEGER"
CDS_LMAN_SYM_OUTLINE"-75,25,75,-25"
JEDEC_TYPE"0402"
PACK_TYPE"0402RES"
MAXINV"80-0100K-Q6"
CDS_LIB"mml"
RES"1.00E05"
POWER_RATING"0.10W"
$SEC"1"
CDS_SEC"1";
"1"
$PN"1"27;
"2"
$PN"2"94;
%"CAP_NP"
"1","(50,4875)","1","mml","I88";
;
CDS_LOCATION"C53"
VALUE"1UF"
LOCATION"C53"
VLOG_PARAM01"CAP:INTEGER"
CDS_LMAN_SYM_OUTLINE"-50,50,50,-50"
CDS_LIB"mml"
CAP"1.00E-06"
VOLTAGE_RATING"6.3V"
MAXINV"20-0001U-BA24"
PACK_TYPE"0402CAP"
JEDEC_TYPE"0402"
$SEC"1"
CDS_SEC"1";
"2"
$PN"2"94;
"1"
$PN"1"27;
%"PGROUND"
"1","(-1025,5600)","0","standard","I93";
;
HDL_POWER"GROUND"
BODY_TYPE"PLUMBING"
CDS_LIB"standard"
NAME"GROUND";
"G"18;
%"898-XX-XXX-90-310000"
"2","(1350,450)","0","mml","I95";
;
CDS_LOCATION"CN1"
VALUE"898-43-024-90-310000"
LOCATION"CN1"
JEDEC_TYPE"MILLMAX_898-43-024-90-310000"
PACK_TYPE"ALLPINS_RA"
MAXINV"01-898430249031000024P-26"
SPLIT_INST"FALSE"
VOLTAGE_RATING"50V"
CDS_LIB"mml"
CDS_LMAN_SYM_OUTLINE"-150,500,150,-500"
$SEC"1"
CDS_SEC"1";
"B12"
$PN"B12"19;
"B11"
$PN"B11"115;
"B10"
$PN"B10"125;
"B9"
$PN"B9"66;
"B8"
$PN"B8"65;
"B7"
$PN"B7"116;
"B6"
$PN"B6"118;
"B5"
$PN"B5"73;
"B4"
$PN"B4"72;
"B3"
$PN"B3"71;
"B2"
$PN"B2"70;
"B1"
$PN"B1"46;
"A12"
$PN"A12"47;
"A11"
$PN"A11"60;
"A10"
$PN"A10"117;
"A9"
$PN"A9"120;
"A8"
$PN"A8"124;
"A7"
$PN"A7"64;
"A6"
$PN"A6"74;
"A5"
$PN"A5"123;
"A4"
$PN"A4"121;
"A3"
$PN"A3"122;
"A2"
$PN"A2"114;
"A1"
$PN"A1"54;
%"898-XX-XXX-90-310000"
"3","(1350,-300)","0","mml","I96";
;
CDS_LOCATION"CN1"
VALUE"898-43-024-90-310000"
LOCATION"CN1"
CDS_LMAN_SYM_OUTLINE"-150,200,150,-200"
CDS_LIB"mml"
VOLTAGE_RATING"50V"
SPLIT_INST"FALSE"
MAXINV"01-898430249031000024P-26"
PACK_TYPE"ALLPINS_RA"
JEDEC_TYPE"MILLMAX_898-43-024-90-310000"
$SEC"2"
CDS_SEC"2";
"SHIELD_8"
$PN"SHIELD_8"46;
"SHIELD_7"
$PN"SHIELD_7"46;
"SHIELD_6"
$PN"SHIELD_6"46;
"SHIELD_5"
$PN"SHIELD_5"46;
"SHIELD_4"
$PN"SHIELD_4"47;
"SHIELD_3"
$PN"SHIELD_3"47;
"SHIELD_2"
$PN"SHIELD_2"47;
"SHIELD_1"
$PN"SHIELD_1"47;
%"PGROUND"
"1","(1700,925)","1","standard","I98";
;
HDL_POWER"GROUND"
BODY_TYPE"PLUMBING"
NAME"GROUND"
CDS_LIB"standard";
"G"19;
%"PGROUND"
"1","(1000,925)","7","standard","I99";
;
HDL_POWER"GROUND"
BODY_TYPE"PLUMBING"
CDS_LIB"standard"
NAME"GROUND";
"G"54;
END.
